model,mAP50_mean,mAP50_std,mAP50_count,mAP50_95_mean,mAP50_95_std,mAP50_95_count,f1_mean,f1_std,f1_count,precision_mean,precision_std,precision_count,recall_mean,recall_std,recall_count
yolov11s,0.775,0.007071067811865481,2,0.495,0.007071067811865481,2,0.815,0.0070710678118653635,2,0.835,0.007071067811865481,2,0.795,0.007071067811865481,2
yolov8m,0.755,0.007071067811865481,2,0.46499999999999997,0.0070710678118654224,2,0.795,0.007071067811865481,2,0.815,0.0070710678118653635,2,0.775,0.007071067811865481,2
yolov8s,0.72,0.014142135623730963,2,0.435,0.007071067811865481,2,0.775,0.007071067811865481,2,0.795,0.007071067811865481,2,0.755,0.007071067811865481,2
